{
  "maxErrors": 100,
  "excludeFiles": [
    "node_modules/**",
    "bower_components/**",
    "dist/**"
  ],
  "requireCurlyBraces": [
    "if",
    "else",
    "for",
    "while",
    "do",
    "try",
    "catch"
  ],
  "requireOperatorBeforeLineBreak": true,
  "requireCamelCaseOrUpperCaseIdentifiers": {
    "ignoreProperties": true
  },
  "maximumLineLength": {
    "value": 100,
    "allowComments": true,
    "allowRegex": true
  },
  "validateIndentation": 4,
  "validateQuoteMarks": "'",
  "disallowMultipleLineStrings": true,
  "disallowMixedSpacesAndTabs": true,
  "disallowTrailingWhitespace": true,
  "disallowSpaceAfterPrefixUnaryOperators": true,
  "disallowMultipleVarDecl": null,
  "requireSemicolons": true,
  "requireSpaceAfterKeywords": [
    "if",
    "else",
    "for",
    "while",
    "do",
    "switch",
    "return",
    "try",
    "catch"
  ],
  "requireSpaceBeforeBinaryOperators": [
    "=",
    "+=",
    "-=",
    "*=",
    "/=",
    "%=",
    "<<=",
    ">>=",
    ">>>=",
    "&=",
    "|=",
    "^=",
    "+=",
    "+",
    "-",
    "*",
    "/",
    "%",
    "<<",
    ">>",
    ">>>",
    "&",
    "|",
    "^",
    "&&",
    "||",
    "===",
    "==",
    ">=",
    "<=",
    "<",
    ">",
    "!=",
    "!=="
  ],
  "requireSpaceAfterBinaryOperators": true,
  "requireSpacesInConditionalExpression": true,
  "requireSpaceBeforeBlockStatements": true,
  "requireLineFeedAtFileEnd": true,
  "disallowSpacesInsideObjectBrackets": "all",
  "disallowSpacesInsideArrayBrackets": "all",
  "disallowSpacesInsideParentheses": true,
  "disallowMultipleLineBreaks": true,
  "disallowCommaBeforeLineBreak": null,
  "disallowDanglingUnderscores": null,
  "disallowEmptyBlocks": null,
  "disallowTrailingComma": null,
  "requireCommaBeforeLineBreak": null,
  "requireDotNotation": null,
  "requireMultipleVarDecl": null,
  "requireParenthesesAroundIIFE": true,
  "disallowSpacesInAnonymousFunctionExpression": {
    "beforeOpeningRoundBrace": true
  }
}